country_name,regional_indicator,Metrics,Values
Finland,Western Europe,ladder_score,7.808700085
Finland,Western Europe,logged_gdp_per_capita,10.63926697
Finland,Western Europe,social_support,0.954329729
Finland,Western Europe,healthy_life_expectancy,71.9008255
Finland,Western Europe,freedom_to_make_life_choices,0.949172199
Finland,Western Europe,generosity,-0.059482019
Finland,Western Europe,perceptions_of_corruption,0.195444584
Finland,Western Europe,population,5540.72
Finland,Western Europe,employment_rate,91.4
Denmark,Western Europe,ladder_score,7.645599842
Denmark,Western Europe,logged_gdp_per_capita,10.77400112
Denmark,Western Europe,social_support,0.955990791
Denmark,Western Europe,healthy_life_expectancy,72.40250397
Denmark,Western Europe,freedom_to_make_life_choices,0.951444268
Denmark,Western Europe,generosity,0.066201776
Denmark,Western Europe,perceptions_of_corruption,0.168489456
Denmark,Western Europe,population,5792.202
Denmark,Western Europe,employment_rate,94.2
Switzerland,Western Europe,ladder_score,7.559899807
Switzerland,Western Europe,logged_gdp_per_capita,10.97993279
Switzerland,Western Europe,social_support,0.942846596
Switzerland,Western Europe,healthy_life_expectancy,74.10244751
Switzerland,Western Europe,freedom_to_make_life_choices,0.921336651
Switzerland,Western Europe,generosity,0.105911039
Switzerland,Western Europe,perceptions_of_corruption,0.303728431
Switzerland,Western Europe,population,8654.622
Switzerland,Western Europe,employment_rate,97
Iceland,Western Europe,ladder_score,7.504499912
Iceland,Western Europe,logged_gdp_per_capita,10.77255917
Iceland,Western Europe,social_support,0.974669576
Iceland,Western Europe,healthy_life_expectancy,73
Iceland,Western Europe,freedom_to_make_life_choices,0.948891878
Iceland,Western Europe,generosity,0.246944219
Iceland,Western Europe,perceptions_of_corruption,0.711709738
Iceland,Western Europe,population,341.243
Iceland,Western Europe,employment_rate,97.2
Norway,Western Europe,ladder_score,7.487999916
Norway,Western Europe,logged_gdp_per_capita,11.08780384
Norway,Western Europe,social_support,0.952486575
Norway,Western Europe,healthy_life_expectancy,73.20078278
Norway,Western Europe,freedom_to_make_life_choices,0.955750287
Norway,Western Europe,generosity,0.13453263
Norway,Western Europe,perceptions_of_corruption,0.263218194
Norway,Western Europe,population,5421.241
Norway,Western Europe,employment_rate,96
Netherlands,Western Europe,ladder_score,7.448900223
Netherlands,Western Europe,logged_gdp_per_capita,10.81271172
Netherlands,Western Europe,social_support,0.93913883
Netherlands,Western Europe,healthy_life_expectancy,72.30091858
Netherlands,Western Europe,freedom_to_make_life_choices,0.908547819
Netherlands,Western Europe,generosity,0.20761244
Netherlands,Western Europe,perceptions_of_corruption,0.364717126
Netherlands,Western Europe,population,17134.872
Netherlands,Western Europe,employment_rate,95.2
Sweden,Western Europe,ladder_score,7.353499889
Sweden,Western Europe,logged_gdp_per_capita,10.75879383
Sweden,Western Europe,social_support,0.926311195
Sweden,Western Europe,healthy_life_expectancy,72.60076904
Sweden,Western Europe,freedom_to_make_life_choices,0.939144194
Sweden,Western Europe,generosity,0.111614622
Sweden,Western Europe,perceptions_of_corruption,0.250880182
Sweden,Western Europe,population,10099.265
Sweden,Western Europe,employment_rate,93.4
New Zealand,North America and ANZ,ladder_score,7.299600124
New Zealand,North America and ANZ,logged_gdp_per_capita,10.50094318
New Zealand,North America and ANZ,social_support,0.949118972
New Zealand,North America and ANZ,healthy_life_expectancy,73.20262909
New Zealand,North America and ANZ,freedom_to_make_life_choices,0.936217487
New Zealand,North America and ANZ,generosity,0.191598073
New Zealand,North America and ANZ,perceptions_of_corruption,0.22113885
New Zealand,North America and ANZ,population,4822.233
New Zealand,North America and ANZ,employment_rate,95.1
Austria,Western Europe,ladder_score,7.294199944
Austria,Western Europe,logged_gdp_per_capita,10.7428236
Austria,Western Europe,social_support,0.928045869
Austria,Western Europe,healthy_life_expectancy,73.00250244
Austria,Western Europe,freedom_to_make_life_choices,0.899989486
Austria,Western Europe,generosity,0.085429221
Austria,Western Europe,perceptions_of_corruption,0.499954879
Austria,Western Europe,population,9006.398
Austria,Western Europe,employment_rate,94.5
Luxembourg,Western Europe,ladder_score,7.237500191
Luxembourg,Western Europe,logged_gdp_per_capita,11.45068073
Luxembourg,Western Europe,social_support,0.906912208
Luxembourg,Western Europe,healthy_life_expectancy,72.59999847
Luxembourg,Western Europe,freedom_to_make_life_choices,0.90563643
Luxembourg,Western Europe,generosity,-0.004620588
Luxembourg,Western Europe,perceptions_of_corruption,0.367084295
Luxembourg,Western Europe,population,625.978
Luxembourg,Western Europe,employment_rate,93.9
Canada,North America and ANZ,ladder_score,7.23210001
Canada,North America and ANZ,logged_gdp_per_capita,10.69236851
Canada,North America and ANZ,social_support,0.927176654
Canada,North America and ANZ,healthy_life_expectancy,73.60160065
Canada,North America and ANZ,freedom_to_make_life_choices,0.933913231
Canada,North America and ANZ,generosity,0.124770768
Canada,North America and ANZ,perceptions_of_corruption,0.390843362
Canada,North America and ANZ,population,37742.154
Canada,North America and ANZ,employment_rate,93.5
Australia,North America and ANZ,ladder_score,7.222799778
Australia,North America and ANZ,logged_gdp_per_capita,10.72059631
Australia,North America and ANZ,social_support,0.944854617
Australia,North America and ANZ,healthy_life_expectancy,73.60453796
Australia,North America and ANZ,freedom_to_make_life_choices,0.915431738
Australia,North America and ANZ,generosity,0.19046016
Australia,North America and ANZ,perceptions_of_corruption,0.41516912
Australia,North America and ANZ,population,25499.884
Australia,North America and ANZ,employment_rate,94.4
United Kingdom,Western Europe,ladder_score,7.164500237
United Kingdom,Western Europe,logged_gdp_per_capita,10.60013485
United Kingdom,Western Europe,social_support,0.93668282
United Kingdom,Western Europe,healthy_life_expectancy,72.30160522
United Kingdom,Western Europe,freedom_to_make_life_choices,0.834743679
United Kingdom,Western Europe,generosity,0.263732493
United Kingdom,Western Europe,perceptions_of_corruption,0.435915917
United Kingdom,Western Europe,population,67886.011
United Kingdom,Western Europe,employment_rate,95.6
Israel,Middle East and North Africa,ladder_score,7.128600121
Israel,Middle East and North Africa,logged_gdp_per_capita,10.41752529
Israel,Middle East and North Africa,social_support,0.913571239
Israel,Middle East and North Africa,healthy_life_expectancy,73.20025635
Israel,Middle East and North Africa,freedom_to_make_life_choices,0.747580588
Israel,Middle East and North Africa,generosity,0.10259372
Israel,Middle East and North Africa,perceptions_of_corruption,0.78085506
Israel,Middle East and North Africa,population,8655.535
Israel,Middle East and North Africa,employment_rate,95.7
Costa Rica,Latin America and Caribbean,ladder_score,7.121399879
Costa Rica,Latin America and Caribbean,logged_gdp_per_capita,9.658156395
Costa Rica,Latin America and Caribbean,social_support,0.901545942
Costa Rica,Latin America and Caribbean,healthy_life_expectancy,71.29985046
Costa Rica,Latin America and Caribbean,freedom_to_make_life_choices,0.934738934
Costa Rica,Latin America and Caribbean,generosity,-0.10242971
Costa Rica,Latin America and Caribbean,perceptions_of_corruption,0.786332428
Costa Rica,Latin America and Caribbean,population,5094.118
Costa Rica,Latin America and Caribbean,employment_rate,91.9
Ireland,Western Europe,ladder_score,7.093699932
Ireland,Western Europe,logged_gdp_per_capita,11.16097832
Ireland,Western Europe,social_support,0.942081571
Ireland,Western Europe,healthy_life_expectancy,72.30078888
Ireland,Western Europe,freedom_to_make_life_choices,0.886982977
Ireland,Western Europe,generosity,0.145784974
Ireland,Western Europe,perceptions_of_corruption,0.357184172
Ireland,Western Europe,population,4937.786
Ireland,Western Europe,employment_rate,93.6
Germany,Western Europe,ladder_score,7.075799942
Germany,Western Europe,logged_gdp_per_capita,10.7328186
Germany,Western Europe,social_support,0.898874462
Germany,Western Europe,healthy_life_expectancy,72.20201874
Germany,Western Europe,freedom_to_make_life_choices,0.867371082
Germany,Western Europe,generosity,0.080179386
Germany,Western Europe,perceptions_of_corruption,0.456422031
Germany,Western Europe,population,83783.942
Germany,Western Europe,employment_rate,96.2
United States,North America and ANZ,ladder_score,6.939599991
United States,North America and ANZ,logged_gdp_per_capita,10.92576885
United States,North America and ANZ,social_support,0.914219022
United States,North America and ANZ,healthy_life_expectancy,68.29949951
United States,North America and ANZ,freedom_to_make_life_choices,0.842619538
United States,North America and ANZ,generosity,0.149891734
United States,North America and ANZ,perceptions_of_corruption,0.699715316
United States,North America and ANZ,population,331002.651
United States,North America and ANZ,employment_rate,95.6
Czech Republic,Central and Eastern Europe,ladder_score,6.910900116
Czech Republic,Central and Eastern Europe,logged_gdp_per_capita,10.40416336
Czech Republic,Central and Eastern Europe,social_support,0.914430678
Czech Republic,Central and Eastern Europe,healthy_life_expectancy,70.04793549
Czech Republic,Central and Eastern Europe,freedom_to_make_life_choices,0.818537354
Czech Republic,Central and Eastern Europe,generosity,-0.230861515
Czech Republic,Central and Eastern Europe,perceptions_of_corruption,0.85844624
Czech Republic,Central and Eastern Europe,population,10708.981
Czech Republic,Central and Eastern Europe,employment_rate,97.2
Belgium,Western Europe,ladder_score,6.863500118
Belgium,Western Europe,logged_gdp_per_capita,10.6736393
Belgium,Western Europe,social_support,0.911632538
Belgium,Western Europe,healthy_life_expectancy,72.00164795
Belgium,Western Europe,freedom_to_make_life_choices,0.813582063
Belgium,Western Europe,generosity,-0.078691199
Belgium,Western Europe,perceptions_of_corruption,0.612297952
Belgium,Western Europe,population,11589.623
Belgium,Western Europe,employment_rate,92.7
United Arab Emirates,Middle East and North Africa,ladder_score,6.790800095
United Arab Emirates,Middle East and North Africa,logged_gdp_per_capita,11.1099987
United Arab Emirates,Middle East and North Africa,social_support,0.849181116
United Arab Emirates,Middle East and North Africa,healthy_life_expectancy,67.08278656
United Arab Emirates,Middle East and North Africa,freedom_to_make_life_choices,0.941345513
United Arab Emirates,Middle East and North Africa,generosity,0.123450845
United Arab Emirates,Middle East and North Africa,perceptions_of_corruption,0.594502211
United Arab Emirates,Middle East and North Africa,population,9890.402
United Arab Emirates,Middle East and North Africa,employment_rate,98.4
Malta,Western Europe,ladder_score,6.772799969
Malta,Western Europe,logged_gdp_per_capita,10.53383827
Malta,Western Europe,social_support,0.93037951
Malta,Western Europe,healthy_life_expectancy,72.19999695
Malta,Western Europe,freedom_to_make_life_choices,0.924911439
Malta,Western Europe,generosity,0.214965805
Malta,Western Europe,perceptions_of_corruption,0.658547282
Malta,Western Europe,population,441.543
Malta,Western Europe,employment_rate,95.6
France,Western Europe,ladder_score,6.663799763
France,Western Europe,logged_gdp_per_capita,10.58422279
France,Western Europe,social_support,0.937103748
France,Western Europe,healthy_life_expectancy,73.80193329
France,Western Europe,freedom_to_make_life_choices,0.825467646
France,Western Europe,generosity,-0.130641967
France,Western Europe,perceptions_of_corruption,0.583521128
France,Western Europe,population,65273.511
France,Western Europe,employment_rate,90.5
Mexico,Latin America and Caribbean,ladder_score,6.465000153
Mexico,Latin America and Caribbean,logged_gdp_per_capita,9.797797203
Mexico,Latin America and Caribbean,social_support,0.838665426
Mexico,Latin America and Caribbean,healthy_life_expectancy,68.29902649
Mexico,Latin America and Caribbean,freedom_to_make_life_choices,0.858709276
Mexico,Latin America and Caribbean,generosity,-0.175266623
Mexico,Latin America and Caribbean,perceptions_of_corruption,0.806821585
Mexico,Latin America and Caribbean,population,128932.753
Mexico,Latin America and Caribbean,employment_rate,96.4
Taiwan Province of China,East Asia,ladder_score,6.45539999
Taiwan Province of China,East Asia,logged_gdp_per_capita,10.77568531
Taiwan Province of China,East Asia,social_support,0.894309103
Taiwan Province of China,East Asia,healthy_life_expectancy,69.59999847
Taiwan Province of China,East Asia,freedom_to_make_life_choices,0.77153033
Taiwan Province of China,East Asia,generosity,-0.073198698
Taiwan Province of China,East Asia,perceptions_of_corruption,0.73188293
Taiwan Province of China,East Asia,population,0
Taiwan Province of China,East Asia,employment_rate,0
Uruguay,Latin America and Caribbean,ladder_score,6.440100193
Uruguay,Latin America and Caribbean,logged_gdp_per_capita,9.948192596
Uruguay,Latin America and Caribbean,social_support,0.92281127
Uruguay,Latin America and Caribbean,healthy_life_expectancy,69.00254822
Uruguay,Latin America and Caribbean,freedom_to_make_life_choices,0.892395437
Uruguay,Latin America and Caribbean,generosity,-0.101103112
Uruguay,Latin America and Caribbean,perceptions_of_corruption,0.635994136
Uruguay,Latin America and Caribbean,population,3473.73
Uruguay,Latin America and Caribbean,employment_rate,92.7
Saudi Arabia,Middle East and North Africa,ladder_score,6.406499863
Saudi Arabia,Middle East and North Africa,logged_gdp_per_capita,10.79781246
Saudi Arabia,Middle East and North Africa,social_support,0.874067068
Saudi Arabia,Middle East and North Africa,healthy_life_expectancy,66.30514526
Saudi Arabia,Middle East and North Africa,freedom_to_make_life_choices,0.854191244
Saudi Arabia,Middle East and North Africa,generosity,-0.168695062
Saudi Arabia,Middle East and North Africa,perceptions_of_corruption,0.682619512
Saudi Arabia,Middle East and North Africa,population,34813.871
Saudi Arabia,Middle East and North Africa,employment_rate,94.2
Spain,Western Europe,ladder_score,6.400899887
Spain,Western Europe,logged_gdp_per_capita,10.46292686
Spain,Western Europe,social_support,0.921125412
Spain,Western Europe,healthy_life_expectancy,74.40270996
Spain,Western Europe,freedom_to_make_life_choices,0.751989543
Spain,Western Europe,generosity,-0.050961714
Spain,Western Europe,perceptions_of_corruption,0.765859902
Spain,Western Europe,population,46754.778
Spain,Western Europe,employment_rate,82.9
Guatemala,Latin America and Caribbean,ladder_score,6.398900032
Guatemala,Latin America and Caribbean,logged_gdp_per_capita,8.924805641
Guatemala,Latin America and Caribbean,social_support,0.816621482
Guatemala,Latin America and Caribbean,healthy_life_expectancy,64.8089447
Guatemala,Latin America and Caribbean,freedom_to_make_life_choices,0.908147573
Guatemala,Latin America and Caribbean,generosity,-0.042938665
Guatemala,Latin America and Caribbean,perceptions_of_corruption,0.783237457
Guatemala,Latin America and Caribbean,population,17915.568
Guatemala,Latin America and Caribbean,employment_rate,97.7
Italy,Western Europe,ladder_score,6.38740015
Italy,Western Europe,logged_gdp_per_capita,10.48183632
Italy,Western Europe,social_support,0.889878571
Italy,Western Europe,healthy_life_expectancy,73.60168457
Italy,Western Europe,freedom_to_make_life_choices,0.66465199
Italy,Western Europe,generosity,-0.043460999
Italy,Western Europe,perceptions_of_corruption,0.873404682
Italy,Western Europe,population,60461.826
Italy,Western Europe,employment_rate,88.9
Singapore,Southeast Asia,ladder_score,6.377099991
Singapore,Southeast Asia,logged_gdp_per_capita,11.39552116
Singapore,Southeast Asia,social_support,0.910268962
Singapore,Southeast Asia,healthy_life_expectancy,76.80458069
Singapore,Southeast Asia,freedom_to_make_life_choices,0.926645339
Singapore,Southeast Asia,generosity,0.029879224
Singapore,Southeast Asia,perceptions_of_corruption,0.109784193
Singapore,Southeast Asia,population,5850.342
Singapore,Southeast Asia,employment_rate,97.8
Brazil,Latin America and Caribbean,ladder_score,6.375599861
Brazil,Latin America and Caribbean,logged_gdp_per_capita,9.56643486
Brazil,Latin America and Caribbean,social_support,0.896723807
Brazil,Latin America and Caribbean,healthy_life_expectancy,66.48016357
Brazil,Latin America and Caribbean,freedom_to_make_life_choices,0.799804807
Brazil,Latin America and Caribbean,generosity,-0.101812392
Brazil,Latin America and Caribbean,perceptions_of_corruption,0.770601273
Brazil,Latin America and Caribbean,population,212559.417
Brazil,Latin America and Caribbean,employment_rate,88.2
Slovenia,Central and Eastern Europe,ladder_score,6.363399982
Slovenia,Central and Eastern Europe,logged_gdp_per_capita,10.39232254
Slovenia,Central and Eastern Europe,social_support,0.939575672
Slovenia,Central and Eastern Europe,healthy_life_expectancy,71.1029892
Slovenia,Central and Eastern Europe,freedom_to_make_life_choices,0.936142623
Slovenia,Central and Eastern Europe,generosity,-0.080603383
Slovenia,Central and Eastern Europe,perceptions_of_corruption,0.817071021
Slovenia,Central and Eastern Europe,population,2078.938
Slovenia,Central and Eastern Europe,employment_rate,93.4
El Salvador,Latin America and Caribbean,ladder_score,6.34829998
El Salvador,Latin America and Caribbean,logged_gdp_per_capita,8.909075737
El Salvador,Latin America and Caribbean,social_support,0.806092262
El Salvador,Latin America and Caribbean,healthy_life_expectancy,66.10826111
El Salvador,Latin America and Caribbean,freedom_to_make_life_choices,0.833805263
El Salvador,Latin America and Caribbean,generosity,-0.121072978
El Salvador,Latin America and Caribbean,perceptions_of_corruption,0.754319906
El Salvador,Latin America and Caribbean,population,6486.205
El Salvador,Latin America and Caribbean,employment_rate,93
Kosovo,Central and Eastern Europe,ladder_score,6.325200081
Kosovo,Central and Eastern Europe,logged_gdp_per_capita,9.204429626
Kosovo,Central and Eastern Europe,social_support,0.820726514
Kosovo,Central and Eastern Europe,healthy_life_expectancy,63.88555527
Kosovo,Central and Eastern Europe,freedom_to_make_life_choices,0.861535907
Kosovo,Central and Eastern Europe,generosity,0.190933764
Kosovo,Central and Eastern Europe,perceptions_of_corruption,0.922328293
Kosovo,Central and Eastern Europe,population,0
Kosovo,Central and Eastern Europe,employment_rate,0
Panama,Latin America and Caribbean,ladder_score,6.304800034
Panama,Latin America and Caribbean,logged_gdp_per_capita,10.03423405
Panama,Latin America and Caribbean,social_support,0.902094483
Panama,Latin America and Caribbean,healthy_life_expectancy,69.60301208
Panama,Latin America and Caribbean,freedom_to_make_life_choices,0.880366504
Panama,Latin America and Caribbean,generosity,-0.153927714
Panama,Latin America and Caribbean,perceptions_of_corruption,0.851588905
Panama,Latin America and Caribbean,population,4314.767
Panama,Latin America and Caribbean,employment_rate,94.5
Slovakia,Central and Eastern Europe,ladder_score,6.280600071
Slovakia,Central and Eastern Europe,logged_gdp_per_capita,10.34774971
Slovakia,Central and Eastern Europe,social_support,0.922493756
Slovakia,Central and Eastern Europe,healthy_life_expectancy,68.90634155
Slovakia,Central and Eastern Europe,freedom_to_make_life_choices,0.749952674
Slovakia,Central and Eastern Europe,generosity,-0.124409303
Slovakia,Central and Eastern Europe,perceptions_of_corruption,0.918096125
Slovakia,Central and Eastern Europe,population,5459.642
Slovakia,Central and Eastern Europe,employment_rate,91.9
Uzbekistan,Commonwealth of Independent States,ladder_score,6.257599831
Uzbekistan,Commonwealth of Independent States,logged_gdp_per_capita,8.740371704
Uzbekistan,Commonwealth of Independent States,social_support,0.926595807
Uzbekistan,Commonwealth of Independent States,healthy_life_expectancy,65.10757446
Uzbekistan,Commonwealth of Independent States,freedom_to_make_life_choices,0.974998116
Uzbekistan,Commonwealth of Independent States,generosity,0.248427153
Uzbekistan,Commonwealth of Independent States,perceptions_of_corruption,0.501497388
Uzbekistan,Commonwealth of Independent States,population,33469.203
Uzbekistan,Commonwealth of Independent States,employment_rate,95.1
Chile,Latin America and Caribbean,ladder_score,6.228499889
Chile,Latin America and Caribbean,logged_gdp_per_capita,10.0320549
Chile,Latin America and Caribbean,social_support,0.879713595
Chile,Latin America and Caribbean,healthy_life_expectancy,69.90061951
Chile,Latin America and Caribbean,freedom_to_make_life_choices,0.744896293
Chile,Latin America and Caribbean,generosity,-0.065668367
Chile,Latin America and Caribbean,perceptions_of_corruption,0.838239431
Chile,Latin America and Caribbean,population,19116.201
Chile,Latin America and Caribbean,employment_rate,93
Bahrain,Middle East and North Africa,ladder_score,6.227300167
Bahrain,Middle East and North Africa,logged_gdp_per_capita,10.67638016
Bahrain,Middle East and North Africa,social_support,0.876342118
Bahrain,Middle East and North Africa,healthy_life_expectancy,68.5
Bahrain,Middle East and North Africa,freedom_to_make_life_choices,0.905855775
Bahrain,Middle East and North Africa,generosity,0.13372919
Bahrain,Middle East and North Africa,perceptions_of_corruption,0.7393471
Bahrain,Middle East and North Africa,population,1701.575
Bahrain,Middle East and North Africa,employment_rate,96.2
Lithuania,Central and Eastern Europe,ladder_score,6.215499878
Lithuania,Central and Eastern Europe,logged_gdp_per_capita,10.34362602
Lithuania,Central and Eastern Europe,social_support,0.926107109
Lithuania,Central and Eastern Europe,healthy_life_expectancy,67.29407501
Lithuania,Central and Eastern Europe,freedom_to_make_life_choices,0.747381449
Lithuania,Central and Eastern Europe,generosity,-0.219725296
Lithuania,Central and Eastern Europe,perceptions_of_corruption,0.809583843
Lithuania,Central and Eastern Europe,population,2722.289
Lithuania,Central and Eastern Europe,employment_rate,93
Trinidad and Tobago,Latin America and Caribbean,ladder_score,6.191899776
Trinidad and Tobago,Latin America and Caribbean,logged_gdp_per_capita,10.26000214
Trinidad and Tobago,Latin America and Caribbean,social_support,0.91529417
Trinidad and Tobago,Latin America and Caribbean,healthy_life_expectancy,63.5
Trinidad and Tobago,Latin America and Caribbean,freedom_to_make_life_choices,0.857907116
Trinidad and Tobago,Latin America and Caribbean,generosity,5.26841e-4
Trinidad and Tobago,Latin America and Caribbean,perceptions_of_corruption,0.912230611
Trinidad and Tobago,Latin America and Caribbean,population,1399.488
Trinidad and Tobago,Latin America and Caribbean,employment_rate,95.5
Poland,Central and Eastern Europe,ladder_score,6.186299801
Poland,Central and Eastern Europe,logged_gdp_per_capita,10.26512432
Poland,Central and Eastern Europe,social_support,0.874257445
Poland,Central and Eastern Europe,healthy_life_expectancy,69.31113434
Poland,Central and Eastern Europe,freedom_to_make_life_choices,0.862055779
Poland,Central and Eastern Europe,generosity,-0.205084071
Poland,Central and Eastern Europe,perceptions_of_corruption,0.686927021
Poland,Central and Eastern Europe,population,37846.611
Poland,Central and Eastern Europe,employment_rate,95.2
Colombia,Latin America and Caribbean,ladder_score,6.163400173
Colombia,Latin America and Caribbean,logged_gdp_per_capita,9.500369072
Colombia,Latin America and Caribbean,social_support,0.884440243
Colombia,Latin America and Caribbean,healthy_life_expectancy,67.69958496
Colombia,Latin America and Caribbean,freedom_to_make_life_choices,0.836179912
Colombia,Latin America and Caribbean,generosity,-0.161235645
Colombia,Latin America and Caribbean,perceptions_of_corruption,0.86457181
Colombia,Latin America and Caribbean,population,50882.891
Colombia,Latin America and Caribbean,employment_rate,89.5
Cyprus,Western Europe,ladder_score,6.15899992
Cyprus,Western Europe,logged_gdp_per_capita,10.40570259
Cyprus,Western Europe,social_support,0.805996239
Cyprus,Western Europe,healthy_life_expectancy,73.70222473
Cyprus,Western Europe,freedom_to_make_life_choices,0.779858291
Cyprus,Western Europe,generosity,0.043731496
Cyprus,Western Europe,perceptions_of_corruption,0.856271744
Cyprus,Western Europe,population,1207.359
Cyprus,Western Europe,employment_rate,88.2
Nicaragua,Latin America and Caribbean,ladder_score,6.13710022
Nicaragua,Latin America and Caribbean,logged_gdp_per_capita,8.493160248
Nicaragua,Latin America and Caribbean,social_support,0.857497036
Nicaragua,Latin America and Caribbean,healthy_life_expectancy,67.50717926
Nicaragua,Latin America and Caribbean,freedom_to_make_life_choices,0.863902867
Nicaragua,Latin America and Caribbean,generosity,0.020959141
Nicaragua,Latin America and Caribbean,perceptions_of_corruption,0.665950119
Nicaragua,Latin America and Caribbean,population,6624.554
Nicaragua,Latin America and Caribbean,employment_rate,93.5
Romania,Central and Eastern Europe,ladder_score,6.123700142
Romania,Central and Eastern Europe,logged_gdp_per_capita,10.107584
Romania,Central and Eastern Europe,social_support,0.825161517
Romania,Central and Eastern Europe,healthy_life_expectancy,67.20723724
Romania,Central and Eastern Europe,freedom_to_make_life_choices,0.842823207
Romania,Central and Eastern Europe,generosity,-0.19781521
Romania,Central and Eastern Europe,perceptions_of_corruption,0.934300244
Romania,Central and Eastern Europe,population,19237.691
Romania,Central and Eastern Europe,employment_rate,94.7
Kuwait,Middle East and North Africa,ladder_score,6.102099895
Kuwait,Middle East and North Africa,logged_gdp_per_capita,11.08982468
Kuwait,Middle East and North Africa,social_support,0.846475244
Kuwait,Middle East and North Africa,healthy_life_expectancy,66.76764679
Kuwait,Middle East and North Africa,freedom_to_make_life_choices,0.872366488
Kuwait,Middle East and North Africa,generosity,-0.100184701
Kuwait,Middle East and North Africa,perceptions_of_corruption,0.760849059
Kuwait,Middle East and North Africa,population,4270.571
Kuwait,Middle East and North Africa,employment_rate,97.9
Mauritius,Sub-Saharan Africa,ladder_score,6.101299763
Mauritius,Sub-Saharan Africa,logged_gdp_per_capita,9.956786156
Mauritius,Sub-Saharan Africa,social_support,0.910357833
Mauritius,Sub-Saharan Africa,healthy_life_expectancy,66.40434265
Mauritius,Sub-Saharan Africa,freedom_to_make_life_choices,0.889534533
Mauritius,Sub-Saharan Africa,generosity,-0.018318573
Mauritius,Sub-Saharan Africa,perceptions_of_corruption,0.805343091
Mauritius,Sub-Saharan Africa,population,1271.768
Mauritius,Sub-Saharan Africa,employment_rate,93.1
Kazakhstan,Commonwealth of Independent States,ladder_score,6.057899952
Kazakhstan,Commonwealth of Independent States,logged_gdp_per_capita,10.11465836
Kazakhstan,Commonwealth of Independent States,social_support,0.934744895
Kazakhstan,Commonwealth of Independent States,healthy_life_expectancy,64.60996246
Kazakhstan,Commonwealth of Independent States,freedom_to_make_life_choices,0.811601937
Kazakhstan,Commonwealth of Independent States,generosity,-0.068488635
Kazakhstan,Commonwealth of Independent States,perceptions_of_corruption,0.764490843
Kazakhstan,Commonwealth of Independent States,population,18776.707
Kazakhstan,Commonwealth of Independent States,employment_rate,95
Estonia,Central and Eastern Europe,ladder_score,6.021800041
Estonia,Central and Eastern Europe,logged_gdp_per_capita,10.34001732
Estonia,Central and Eastern Europe,social_support,0.934729993
Estonia,Central and Eastern Europe,healthy_life_expectancy,68.60495758
Estonia,Central and Eastern Europe,freedom_to_make_life_choices,0.87770915
Estonia,Central and Eastern Europe,generosity,-0.111697771
Estonia,Central and Eastern Europe,perceptions_of_corruption,0.623073816
Estonia,Central and Eastern Europe,population,1326.535
Estonia,Central and Eastern Europe,employment_rate,94.1
Philippines,Southeast Asia,ladder_score,6.006000042
Philippines,Southeast Asia,logged_gdp_per_capita,8.993545532
Philippines,Southeast Asia,social_support,0.846730053
Philippines,Southeast Asia,healthy_life_expectancy,61.92676163
Philippines,Southeast Asia,freedom_to_make_life_choices,0.915463448
Philippines,Southeast Asia,generosity,-0.105463006
Philippines,Southeast Asia,perceptions_of_corruption,0.733634114
Philippines,Southeast Asia,population,109581.078
Philippines,Southeast Asia,employment_rate,94.3
Hungary,Central and Eastern Europe,ladder_score,6.000400066
Hungary,Central and Eastern Europe,logged_gdp_per_capita,10.24924374
Hungary,Central and Eastern Europe,social_support,0.921934128
Hungary,Central and Eastern Europe,healthy_life_expectancy,67.60997009
Hungary,Central and Eastern Europe,freedom_to_make_life_choices,0.718964577
Hungary,Central and Eastern Europe,generosity,-0.194323018
Hungary,Central and Eastern Europe,perceptions_of_corruption,0.892916501
Hungary,Central and Eastern Europe,population,9660.351
Hungary,Central and Eastern Europe,employment_rate,95.6
Thailand,Southeast Asia,ladder_score,5.998799801
Thailand,Southeast Asia,logged_gdp_per_capita,9.741791725
Thailand,Southeast Asia,social_support,0.889973223
Thailand,Southeast Asia,healthy_life_expectancy,67.25059509
Thailand,Southeast Asia,freedom_to_make_life_choices,0.905063033
Thailand,Southeast Asia,generosity,0.268685192
Thailand,Southeast Asia,perceptions_of_corruption,0.886272311
Thailand,Southeast Asia,population,69799.978
Thailand,Southeast Asia,employment_rate,99.3
Argentina,Latin America and Caribbean,ladder_score,5.974699974
Argentina,Latin America and Caribbean,logged_gdp_per_capita,9.810955048
Argentina,Latin America and Caribbean,social_support,0.900567949
Argentina,Latin America and Caribbean,healthy_life_expectancy,68.80380249
Argentina,Latin America and Caribbean,freedom_to_make_life_choices,0.831132412
Argentina,Latin America and Caribbean,generosity,-0.194913864
Argentina,Latin America and Caribbean,perceptions_of_corruption,0.842009842
Argentina,Latin America and Caribbean,population,45195.774
Argentina,Latin America and Caribbean,employment_rate,91.9
Honduras,Latin America and Caribbean,ladder_score,5.953199863
Honduras,Latin America and Caribbean,logged_gdp_per_capita,8.424534798
Honduras,Latin America and Caribbean,social_support,0.821870148
Honduras,Latin America and Caribbean,healthy_life_expectancy,67.19876862
Honduras,Latin America and Caribbean,freedom_to_make_life_choices,0.870603263
Honduras,Latin America and Caribbean,generosity,0.086969115
Honduras,Latin America and Caribbean,perceptions_of_corruption,0.801131904
Honduras,Latin America and Caribbean,population,9904.607
Honduras,Latin America and Caribbean,employment_rate,94.1
Latvia,Central and Eastern Europe,ladder_score,5.949999809
Latvia,Central and Eastern Europe,logged_gdp_per_capita,10.17531967
Latvia,Central and Eastern Europe,social_support,0.918288589
Latvia,Central and Eastern Europe,healthy_life_expectancy,66.8074646
Latvia,Central and Eastern Europe,freedom_to_make_life_choices,0.671237648
Latvia,Central and Eastern Europe,generosity,-0.186888844
Latvia,Central and Eastern Europe,perceptions_of_corruption,0.795580089
Latvia,Central and Eastern Europe,population,1886.198
Latvia,Central and Eastern Europe,employment_rate,91
Ecuador,Latin America and Caribbean,ladder_score,5.925199986
Ecuador,Latin America and Caribbean,logged_gdp_per_capita,9.246058464
Ecuador,Latin America and Caribbean,social_support,0.836418986
Ecuador,Latin America and Caribbean,healthy_life_expectancy,68.50003815
Ecuador,Latin America and Caribbean,freedom_to_make_life_choices,0.859828949
Ecuador,Latin America and Caribbean,generosity,-0.127014965
Ecuador,Latin America and Caribbean,perceptions_of_corruption,0.801215112
Ecuador,Latin America and Caribbean,population,17643.054
Ecuador,Latin America and Caribbean,employment_rate,95.4
Portugal,Western Europe,ladder_score,5.910900116
Portugal,Western Europe,logged_gdp_per_capita,10.26374245
Portugal,Western Europe,social_support,0.886590719
Portugal,Western Europe,healthy_life_expectancy,72.40202332
Portugal,Western Europe,freedom_to_make_life_choices,0.888747811
Portugal,Western Europe,generosity,-0.220714301
Portugal,Western Europe,perceptions_of_corruption,0.892629504
Portugal,Western Europe,population,10196.709
Portugal,Western Europe,employment_rate,90.3
Jamaica,Latin America and Caribbean,ladder_score,5.889800072
Jamaica,Latin America and Caribbean,logged_gdp_per_capita,9.006250381
Jamaica,Latin America and Caribbean,social_support,0.915701866
Jamaica,Latin America and Caribbean,healthy_life_expectancy,67.09999847
Jamaica,Latin America and Caribbean,freedom_to_make_life_choices,0.858068526
Jamaica,Latin America and Caribbean,generosity,-0.125106767
Jamaica,Latin America and Caribbean,perceptions_of_corruption,0.888890028
Jamaica,Latin America and Caribbean,population,2961.167
Jamaica,Latin America and Caribbean,employment_rate,89.6
South Korea,East Asia,ladder_score,5.872399807
South Korea,East Asia,logged_gdp_per_capita,10.51056671
South Korea,East Asia,social_support,0.799387157
South Korea,East Asia,healthy_life_expectancy,73.6027298
South Korea,East Asia,freedom_to_make_life_choices,0.612965107
South Korea,East Asia,generosity,-0.043404032
South Korea,East Asia,perceptions_of_corruption,0.789067447
South Korea,East Asia,population,51269.185
South Korea,East Asia,employment_rate,96.3
Japan,East Asia,ladder_score,5.870800018
Japan,East Asia,logged_gdp_per_capita,10.57968903
Japan,East Asia,social_support,0.883545935
Japan,East Asia,healthy_life_expectancy,75.00096893
Japan,East Asia,freedom_to_make_life_choices,0.809961379
Japan,East Asia,generosity,-0.246910349
Japan,East Asia,perceptions_of_corruption,0.654558063
Japan,East Asia,population,126476.461
Japan,East Asia,employment_rate,97.1
Peru,Latin America and Caribbean,ladder_score,5.796800137
Peru,Latin America and Caribbean,logged_gdp_per_capita,9.456313133
Peru,Latin America and Caribbean,social_support,0.831075251
Peru,Latin America and Caribbean,healthy_life_expectancy,68.10023499
Peru,Latin America and Caribbean,freedom_to_make_life_choices,0.824766099
Peru,Latin America and Caribbean,generosity,-0.16238822
Peru,Latin America and Caribbean,perceptions_of_corruption,0.893714964
Peru,Latin America and Caribbean,population,32971.854
Peru,Latin America and Caribbean,employment_rate,93.3
Serbia,Central and Eastern Europe,ladder_score,5.77820015
Serbia,Central and Eastern Europe,logged_gdp_per_capita,9.680980682
Serbia,Central and Eastern Europe,social_support,0.881475747
Serbia,Central and Eastern Europe,healthy_life_expectancy,68.21020508
Serbia,Central and Eastern Europe,freedom_to_make_life_choices,0.726495862
Serbia,Central and Eastern Europe,generosity,-0.073676221
Serbia,Central and Eastern Europe,perceptions_of_corruption,0.843509018
Serbia,Central and Eastern Europe,population,8737.371
Serbia,Central and Eastern Europe,employment_rate,84
Bolivia,Latin America and Caribbean,ladder_score,5.747499943
Bolivia,Latin America and Caribbean,logged_gdp_per_capita,8.851115227
Bolivia,Latin America and Caribbean,social_support,0.803108692
Bolivia,Latin America and Caribbean,healthy_life_expectancy,63.6004715
Bolivia,Latin America and Caribbean,freedom_to_make_life_choices,0.875873327
Bolivia,Latin America and Caribbean,generosity,-0.09168113
Bolivia,Latin America and Caribbean,perceptions_of_corruption,0.822606206
Bolivia,Latin America and Caribbean,population,11673.021
Bolivia,Latin America and Caribbean,employment_rate,96
Pakistan,South Asia,ladder_score,5.69329977
Pakistan,South Asia,logged_gdp_per_capita,8.482727051
Pakistan,South Asia,social_support,0.689062297
Pakistan,South Asia,healthy_life_expectancy,58.25313568
Pakistan,South Asia,freedom_to_make_life_choices,0.734833717
Pakistan,South Asia,generosity,0.04489987
Pakistan,South Asia,perceptions_of_corruption,0.745705426
Pakistan,South Asia,population,220892.34
Pakistan,South Asia,employment_rate,94
Paraguay,Latin America and Caribbean,ladder_score,5.692100048
Paraguay,Latin America and Caribbean,logged_gdp_per_capita,9.389982224
Paraguay,Latin America and Caribbean,social_support,0.898727894
Paraguay,Latin America and Caribbean,healthy_life_expectancy,65.63993835
Paraguay,Latin America and Caribbean,freedom_to_make_life_choices,0.885923445
Paraguay,Latin America and Caribbean,generosity,0.007997713
Paraguay,Latin America and Caribbean,perceptions_of_corruption,0.834788501
Paraguay,Latin America and Caribbean,population,7132.538
Paraguay,Latin America and Caribbean,employment_rate,93.5
Dominican Republic,Latin America and Caribbean,ladder_score,5.689199924
Dominican Republic,Latin America and Caribbean,logged_gdp_per_capita,9.664880753
Dominican Republic,Latin America and Caribbean,social_support,0.882085383
Dominican Republic,Latin America and Caribbean,healthy_life_expectancy,65.80748749
Dominican Republic,Latin America and Caribbean,freedom_to_make_life_choices,0.866202772
Dominican Republic,Latin America and Caribbean,generosity,-0.131263286
Dominican Republic,Latin America and Caribbean,perceptions_of_corruption,0.755999923
Dominican Republic,Latin America and Caribbean,population,10847.91
Dominican Republic,Latin America and Caribbean,employment_rate,94.5
Bosnia and Herzegovina,Central and Eastern Europe,ladder_score,5.674099922
Bosnia and Herzegovina,Central and Eastern Europe,logged_gdp_per_capita,9.455817223
Bosnia and Herzegovina,Central and Eastern Europe,social_support,0.829204142
Bosnia and Herzegovina,Central and Eastern Europe,healthy_life_expectancy,67.80813599
Bosnia and Herzegovina,Central and Eastern Europe,freedom_to_make_life_choices,0.651352704
Bosnia and Herzegovina,Central and Eastern Europe,generosity,0.098274559
Bosnia and Herzegovina,Central and Eastern Europe,perceptions_of_corruption,0.933769107
Bosnia and Herzegovina,Central and Eastern Europe,population,3280.819
Bosnia and Herzegovina,Central and Eastern Europe,employment_rate,79.5
Moldova,Commonwealth of Independent States,ladder_score,5.607500076
Moldova,Commonwealth of Independent States,logged_gdp_per_capita,8.776714325
Moldova,Commonwealth of Independent States,social_support,0.843313575
Moldova,Commonwealth of Independent States,healthy_life_expectancy,65.01301575
Moldova,Commonwealth of Independent States,freedom_to_make_life_choices,0.721609175
Moldova,Commonwealth of Independent States,generosity,-0.037741039
Moldova,Commonwealth of Independent States,perceptions_of_corruption,0.913314283
Moldova,Commonwealth of Independent States,population,4033.963
Moldova,Commonwealth of Independent States,employment_rate,95.9
Tajikistan,Commonwealth of Independent States,ladder_score,5.555699825
Tajikistan,Commonwealth of Independent States,logged_gdp_per_capita,8.024810791
Tajikistan,Commonwealth of Independent States,social_support,0.835297108
Tajikistan,Commonwealth of Independent States,healthy_life_expectancy,64.10459137
Tajikistan,Commonwealth of Independent States,freedom_to_make_life_choices,0.831383407
Tajikistan,Commonwealth of Independent States,generosity,-0.025088511
Tajikistan,Commonwealth of Independent States,perceptions_of_corruption,0.592076063
Tajikistan,Commonwealth of Independent States,population,9537.645
Tajikistan,Commonwealth of Independent States,employment_rate,97.6
Montenegro,Central and Eastern Europe,ladder_score,5.54610014
Montenegro,Central and Eastern Europe,logged_gdp_per_capita,9.751860619
Montenegro,Central and Eastern Europe,social_support,0.855314612
Montenegro,Central and Eastern Europe,healthy_life_expectancy,68.50534821
Montenegro,Central and Eastern Europe,freedom_to_make_life_choices,0.649565637
Montenegro,Central and Eastern Europe,generosity,-0.075600356
Montenegro,Central and Eastern Europe,perceptions_of_corruption,0.783121586
Montenegro,Central and Eastern Europe,population,628.066
Montenegro,Central and Eastern Europe,employment_rate,83.9
Russia,Commonwealth of Independent States,ladder_score,5.546000004
Russia,Commonwealth of Independent States,logged_gdp_per_capita,10.12887192
Russia,Commonwealth of Independent States,social_support,0.903150737
Russia,Commonwealth of Independent States,healthy_life_expectancy,64.10045624
Russia,Commonwealth of Independent States,freedom_to_make_life_choices,0.729892612
Russia,Commonwealth of Independent States,generosity,-0.151153743
Russia,Commonwealth of Independent States,perceptions_of_corruption,0.864802599
Russia,Commonwealth of Independent States,population,145934.462
Russia,Commonwealth of Independent States,employment_rate,94.5
Kyrgyzstan,Commonwealth of Independent States,ladder_score,5.541500092
Kyrgyzstan,Commonwealth of Independent States,logged_gdp_per_capita,8.148405075
Kyrgyzstan,Commonwealth of Independent States,social_support,0.887228489
Kyrgyzstan,Commonwealth of Independent States,healthy_life_expectancy,64.10601044
Kyrgyzstan,Commonwealth of Independent States,freedom_to_make_life_choices,0.909374893
Kyrgyzstan,Commonwealth of Independent States,generosity,0.154772058
Kyrgyzstan,Commonwealth of Independent States,perceptions_of_corruption,0.888396084
Kyrgyzstan,Commonwealth of Independent States,population,6524.195
Kyrgyzstan,Commonwealth of Independent States,employment_rate,92.6
Belarus,Commonwealth of Independent States,ladder_score,5.539899826
Belarus,Commonwealth of Independent States,logged_gdp_per_capita,9.779945374
Belarus,Commonwealth of Independent States,social_support,0.90674746
Belarus,Commonwealth of Independent States,healthy_life_expectancy,66.10433197
Belarus,Commonwealth of Independent States,freedom_to_make_life_choices,0.639163077
Belarus,Commonwealth of Independent States,generosity,-0.164926544
Belarus,Commonwealth of Independent States,perceptions_of_corruption,0.63571167
Belarus,Commonwealth of Independent States,population,9449.323
Belarus,Commonwealth of Independent States,employment_rate,99
North Cyprus,Western Europe,ladder_score,5.53550005
North Cyprus,Western Europe,logged_gdp_per_capita,10.40570259
North Cyprus,Western Europe,social_support,0.820356607
North Cyprus,Western Europe,healthy_life_expectancy,73.70222473
North Cyprus,Western Europe,freedom_to_make_life_choices,0.79529351
North Cyprus,Western Europe,generosity,2.27159e-4
North Cyprus,Western Europe,perceptions_of_corruption,0.62611568
North Cyprus,Western Europe,population,0
North Cyprus,Western Europe,employment_rate,0
Greece,Western Europe,ladder_score,5.514999866
Greece,Western Europe,logged_gdp_per_capita,10.13232613
Greece,Western Europe,social_support,0.814380348
Greece,Western Europe,healthy_life_expectancy,72.40525818
Greece,Western Europe,freedom_to_make_life_choices,0.541345119
Greece,Western Europe,generosity,-0.300907373
Greece,Western Europe,perceptions_of_corruption,0.859931409
Greece,Western Europe,population,10423.054
Greece,Western Europe,employment_rate,77.7
Hong Kong S.A.R. of China,East Asia,ladder_score,5.510399818
Hong Kong S.A.R. of China,East Asia,logged_gdp_per_capita,10.9346714
Hong Kong S.A.R. of China,East Asia,social_support,0.845969081
Hong Kong S.A.R. of China,East Asia,healthy_life_expectancy,76.77170563
Hong Kong S.A.R. of China,East Asia,freedom_to_make_life_choices,0.779833794
Hong Kong S.A.R. of China,East Asia,generosity,0.134979904
Hong Kong S.A.R. of China,East Asia,perceptions_of_corruption,0.420607209
Hong Kong S.A.R. of China,East Asia,population,0
Hong Kong S.A.R. of China,East Asia,employment_rate,0
Croatia,Central and Eastern Europe,ladder_score,5.504700184
Croatia,Central and Eastern Europe,logged_gdp_per_capita,10.07087517
Croatia,Central and Eastern Europe,social_support,0.874623716
Croatia,Central and Eastern Europe,healthy_life_expectancy,70.21490479
Croatia,Central and Eastern Europe,freedom_to_make_life_choices,0.714838803
Croatia,Central and Eastern Europe,generosity,-0.128538325
Croatia,Central and Eastern Europe,perceptions_of_corruption,0.916495264
Croatia,Central and Eastern Europe,population,4105.267
Croatia,Central and Eastern Europe,employment_rate,87.6
Libya,Middle East and North Africa,ladder_score,5.488800049
Libya,Middle East and North Africa,logged_gdp_per_capita,9.789815903
Libya,Middle East and North Africa,social_support,0.825942934
Libya,Middle East and North Africa,healthy_life_expectancy,62.29999924
Libya,Middle East and North Africa,freedom_to_make_life_choices,0.773157001
Libya,Middle East and North Africa,generosity,-0.085054487
Libya,Middle East and North Africa,perceptions_of_corruption,0.668779135
Libya,Middle East and North Africa,population,6871.292
Libya,Middle East and North Africa,employment_rate,70
Mongolia,East Asia,ladder_score,5.456200123
Mongolia,East Asia,logged_gdp_per_capita,9.412186623
Mongolia,East Asia,social_support,0.937142491
Mongolia,East Asia,healthy_life_expectancy,62.30448532
Mongolia,East Asia,freedom_to_make_life_choices,0.693351328
Mongolia,East Asia,generosity,0.098093867
Mongolia,East Asia,perceptions_of_corruption,0.863511205
Mongolia,East Asia,population,3278.29
Mongolia,East Asia,employment_rate,92.7
Malaysia,Southeast Asia,ladder_score,5.384300232
Malaysia,Southeast Asia,logged_gdp_per_capita,10.26251888
Malaysia,Southeast Asia,social_support,0.816509426
Malaysia,Southeast Asia,healthy_life_expectancy,67.10215759
Malaysia,Southeast Asia,freedom_to_make_life_choices,0.894626856
Malaysia,Southeast Asia,generosity,0.114726797
Malaysia,Southeast Asia,perceptions_of_corruption,0.839302301
Malaysia,Southeast Asia,population,32365.999
Malaysia,Southeast Asia,employment_rate,96.6
Vietnam,Southeast Asia,ladder_score,5.353499889
Vietnam,Southeast Asia,logged_gdp_per_capita,8.809545517
Vietnam,Southeast Asia,social_support,0.849987149
Vietnam,Southeast Asia,healthy_life_expectancy,67.9527359
Vietnam,Southeast Asia,freedom_to_make_life_choices,0.939592957
Vietnam,Southeast Asia,generosity,-0.094533332
Vietnam,Southeast Asia,perceptions_of_corruption,0.79642123
Vietnam,Southeast Asia,population,97338.579
Vietnam,Southeast Asia,employment_rate,97.8
Indonesia,Southeast Asia,ladder_score,5.285600185
Indonesia,Southeast Asia,logged_gdp_per_capita,9.36975193
Indonesia,Southeast Asia,social_support,0.808379889
Indonesia,Southeast Asia,healthy_life_expectancy,62.15584946
Indonesia,Southeast Asia,freedom_to_make_life_choices,0.870614409
Indonesia,Southeast Asia,generosity,0.519586504
Indonesia,Southeast Asia,perceptions_of_corruption,0.876296401
Indonesia,Southeast Asia,population,273523.615
Indonesia,Southeast Asia,employment_rate,94.4
Ivory Coast,Sub-Saharan Africa,ladder_score,5.233300209
Ivory Coast,Sub-Saharan Africa,logged_gdp_per_capita,8.225561142
Ivory Coast,Sub-Saharan Africa,social_support,0.658048689
Ivory Coast,Sub-Saharan Africa,healthy_life_expectancy,49.50377274
Ivory Coast,Sub-Saharan Africa,freedom_to_make_life_choices,0.727909327
Ivory Coast,Sub-Saharan Africa,generosity,-0.043991156
Ivory Coast,Sub-Saharan Africa,perceptions_of_corruption,0.790771961
Ivory Coast,Sub-Saharan Africa,population,26378.274
Ivory Coast,Sub-Saharan Africa,employment_rate,90.6
Benin,Sub-Saharan Africa,ladder_score,5.21600008
Benin,Sub-Saharan Africa,logged_gdp_per_capita,7.674319744
Benin,Sub-Saharan Africa,social_support,0.468671143
Benin,Sub-Saharan Africa,healthy_life_expectancy,54.31246567
Benin,Sub-Saharan Africa,freedom_to_make_life_choices,0.735182583
Benin,Sub-Saharan Africa,generosity,-0.003537213
Benin,Sub-Saharan Africa,perceptions_of_corruption,0.740532577
Benin,Sub-Saharan Africa,population,12123.2
Benin,Sub-Saharan Africa,employment_rate,99
Maldives,South Asia,ladder_score,5.197599888
Maldives,South Asia,logged_gdp_per_capita,9.518632889
Maldives,South Asia,social_support,0.91316092
Maldives,South Asia,healthy_life_expectancy,70.59999847
Maldives,South Asia,freedom_to_make_life_choices,0.853962779
Maldives,South Asia,generosity,0.038085498
Maldives,South Asia,perceptions_of_corruption,0.824211061
Maldives,South Asia,population,540.544
Maldives,South Asia,employment_rate,97.1
Congo (Brazzaville),Sub-Saharan Africa,ladder_score,5.194399834
Congo (Brazzaville),Sub-Saharan Africa,logged_gdp_per_capita,8.536987305
Congo (Brazzaville),Sub-Saharan Africa,social_support,0.640228093
Congo (Brazzaville),Sub-Saharan Africa,healthy_life_expectancy,57.92448044
Congo (Brazzaville),Sub-Saharan Africa,freedom_to_make_life_choices,0.719058514
Congo (Brazzaville),Sub-Saharan Africa,generosity,-0.123674095
Congo (Brazzaville),Sub-Saharan Africa,perceptions_of_corruption,0.751779079
Congo (Brazzaville),Sub-Saharan Africa,population,0
Congo (Brazzaville),Sub-Saharan Africa,employment_rate,0
Azerbaijan,Commonwealth of Independent States,ladder_score,5.164800167
Azerbaijan,Commonwealth of Independent States,logged_gdp_per_capita,9.687726974
Azerbaijan,Commonwealth of Independent States,social_support,0.819308281
Azerbaijan,Commonwealth of Independent States,healthy_life_expectancy,65.50839996
Azerbaijan,Commonwealth of Independent States,freedom_to_make_life_choices,0.786824107
Azerbaijan,Commonwealth of Independent States,generosity,-0.240255281
Azerbaijan,Commonwealth of Independent States,perceptions_of_corruption,0.55253756
Azerbaijan,Commonwealth of Independent States,population,10139.177
Azerbaijan,Commonwealth of Independent States,employment_rate,94
Macedonia,Central and Eastern Europe,ladder_score,5.159800053
Macedonia,Central and Eastern Europe,logged_gdp_per_capita,9.5105915070000009
Macedonia,Central and Eastern Europe,social_support,0.820392311
Macedonia,Central and Eastern Europe,healthy_life_expectancy,67.50442505
Macedonia,Central and Eastern Europe,freedom_to_make_life_choices,0.738840938
Macedonia,Central and Eastern Europe,generosity,-0.019877451
Macedonia,Central and Eastern Europe,perceptions_of_corruption,0.897490501
Macedonia,Central and Eastern Europe,population,2083.374
Macedonia,Central and Eastern Europe,employment_rate,76.6
Ghana,Sub-Saharan Africa,ladder_score,5.147999763
Ghana,Sub-Saharan Africa,logged_gdp_per_capita,8.350645065
Ghana,Sub-Saharan Africa,social_support,0.728601098
Ghana,Sub-Saharan Africa,healthy_life_expectancy,57.20398712
Ghana,Sub-Saharan Africa,freedom_to_make_life_choices,0.794796526
Ghana,Sub-Saharan Africa,generosity,0.094170853
Ghana,Sub-Saharan Africa,perceptions_of_corruption,0.847964764
Ghana,Sub-Saharan Africa,population,31072.94
Ghana,Sub-Saharan Africa,employment_rate,88.1
Nepal,South Asia,ladder_score,5.137199879
Nepal,South Asia,logged_gdp_per_capita,7.925357342
Nepal,South Asia,social_support,0.785512447
Nepal,South Asia,healthy_life_expectancy,63.77917862
Nepal,South Asia,freedom_to_make_life_choices,0.797565043
Nepal,South Asia,generosity,0.154168829
Nepal,South Asia,perceptions_of_corruption,0.738099158
Nepal,South Asia,population,29136.808
Nepal,South Asia,employment_rate,97
Turkey,Middle East and North Africa,ladder_score,5.131800175
Turkey,Middle East and North Africa,logged_gdp_per_capita,10.12941933
Turkey,Middle East and North Africa,social_support,0.826313555
Turkey,Middle East and North Africa,healthy_life_expectancy,66.90281677
Turkey,Middle East and North Africa,freedom_to_make_life_choices,0.608830452
Turkey,Middle East and North Africa,generosity,-0.171046436
Turkey,Middle East and North Africa,perceptions_of_corruption,0.748197377
Turkey,Middle East and North Africa,population,84339.067
Turkey,Middle East and North Africa,employment_rate,88.8
China,East Asia,ladder_score,5.123899937
China,East Asia,logged_gdp_per_capita,9.688568115
China,East Asia,social_support,0.798760593
China,East Asia,healthy_life_expectancy,69.2891922
China,East Asia,freedom_to_make_life_choices,0.898517907
China,East Asia,generosity,-0.18142575
China,East Asia,perceptions_of_corruption,0.7539711
China,East Asia,population,1439323.776
China,East Asia,employment_rate,96.1
Turkmenistan,Commonwealth of Independent States,ladder_score,5.119100094
Turkmenistan,Commonwealth of Independent States,logged_gdp_per_capita,9.74803257
Turkmenistan,Commonwealth of Independent States,social_support,0.958966196
Turkmenistan,Commonwealth of Independent States,healthy_life_expectancy,62.21170807
Turkmenistan,Commonwealth of Independent States,freedom_to_make_life_choices,0.826457024
Turkmenistan,Commonwealth of Independent States,generosity,0.187671542
Turkmenistan,Commonwealth of Independent States,perceptions_of_corruption,0.883691847
Turkmenistan,Commonwealth of Independent States,population,6031.2
Turkmenistan,Commonwealth of Independent States,employment_rate,89
Bulgaria,Central and Eastern Europe,ladder_score,5.101500034
Bulgaria,Central and Eastern Europe,logged_gdp_per_capita,9.869318962
Bulgaria,Central and Eastern Europe,social_support,0.937840343
Bulgaria,Central and Eastern Europe,healthy_life_expectancy,66.80397797
Bulgaria,Central and Eastern Europe,freedom_to_make_life_choices,0.745178163
Bulgaria,Central and Eastern Europe,generosity,-0.143908441
Bulgaria,Central and Eastern Europe,perceptions_of_corruption,0.935585141
Bulgaria,Central and Eastern Europe,population,6948.445
Bulgaria,Central and Eastern Europe,employment_rate,93.8
Morocco,Middle East and North Africa,ladder_score,5.094799995
Morocco,Middle East and North Africa,logged_gdp_per_capita,8.940313339
Morocco,Middle East and North Africa,social_support,0.592628479
Morocco,Middle East and North Africa,healthy_life_expectancy,65.89624023
Morocco,Middle East and North Africa,freedom_to_make_life_choices,0.772072434
Morocco,Middle East and North Africa,generosity,-0.240377247
Morocco,Middle East and North Africa,perceptions_of_corruption,0.815724611
Morocco,Middle East and North Africa,population,36910.56
Morocco,Middle East and North Africa,employment_rate,90
Cameroon,Sub-Saharan Africa,ladder_score,5.084899902
Cameroon,Sub-Saharan Africa,logged_gdp_per_capita,8.118647575
Cameroon,Sub-Saharan Africa,social_support,0.700386405
Cameroon,Sub-Saharan Africa,healthy_life_expectancy,52.7049408
Cameroon,Sub-Saharan Africa,freedom_to_make_life_choices,0.763051808
Cameroon,Sub-Saharan Africa,generosity,-0.00149645
Cameroon,Sub-Saharan Africa,perceptions_of_corruption,0.85133659800000006
Cameroon,Sub-Saharan Africa,population,26545.863
Cameroon,Sub-Saharan Africa,employment_rate,95.7
Venezuela,Latin America and Caribbean,ladder_score,5.053199768
Venezuela,Latin America and Caribbean,logged_gdp_per_capita,8.977793694
Venezuela,Latin America and Caribbean,social_support,0.890408158
Venezuela,Latin America and Caribbean,healthy_life_expectancy,66.50534058
Venezuela,Latin America and Caribbean,freedom_to_make_life_choices,0.62327832
Venezuela,Latin America and Caribbean,generosity,-0.169090509
Venezuela,Latin America and Caribbean,perceptions_of_corruption,0.837038398
Venezuela,Latin America and Caribbean,population,28435.94
Venezuela,Latin America and Caribbean,employment_rate,73.6
Algeria,Middle East and North Africa,ladder_score,5.005099773
Algeria,Middle East and North Africa,logged_gdp_per_capita,9.537964821
Algeria,Middle East and North Africa,social_support,0.803385139
Algeria,Middle East and North Africa,healthy_life_expectancy,65.90517426
Algeria,Middle East and North Africa,freedom_to_make_life_choices,0.466610909
Algeria,Middle East and North Africa,generosity,-0.121105164
Algeria,Middle East and North Africa,perceptions_of_corruption,0.735485137
Algeria,Middle East and North Africa,population,43851.044
Algeria,Middle East and North Africa,employment_rate,88.3
Senegal,Sub-Saharan Africa,ladder_score,4.980800152
Senegal,Sub-Saharan Africa,logged_gdp_per_capita,8.118982315
Senegal,Sub-Saharan Africa,social_support,0.723616004
Senegal,Sub-Saharan Africa,healthy_life_expectancy,59.59915161
Senegal,Sub-Saharan Africa,freedom_to_make_life_choices,0.690596163
Senegal,Sub-Saharan Africa,generosity,-0.052335154
Senegal,Sub-Saharan Africa,perceptions_of_corruption,0.808785141
Senegal,Sub-Saharan Africa,population,16743.927
Senegal,Sub-Saharan Africa,employment_rate,52
Guinea,Sub-Saharan Africa,ladder_score,4.949299812
Guinea,Sub-Saharan Africa,logged_gdp_per_capita,7.750990391
Guinea,Sub-Saharan Africa,social_support,0.637573481
Guinea,Sub-Saharan Africa,healthy_life_expectancy,54.46780014
Guinea,Sub-Saharan Africa,freedom_to_make_life_choices,0.706846774
Guinea,Sub-Saharan Africa,generosity,0.076328471
Guinea,Sub-Saharan Africa,perceptions_of_corruption,0.761794448
Guinea,Sub-Saharan Africa,population,13132.795
Guinea,Sub-Saharan Africa,employment_rate,97.2
Niger,Sub-Saharan Africa,ladder_score,4.909599781
Niger,Sub-Saharan Africa,logged_gdp_per_capita,6.842166901
Niger,Sub-Saharan Africa,social_support,0.617435038
Niger,Sub-Saharan Africa,healthy_life_expectancy,53.50009537
Niger,Sub-Saharan Africa,freedom_to_make_life_choices,0.759772122
Niger,Sub-Saharan Africa,generosity,0.013860817
Niger,Sub-Saharan Africa,perceptions_of_corruption,0.722530186
Niger,Sub-Saharan Africa,population,24206.644
Niger,Sub-Saharan Africa,employment_rate,97.4
Laos,Southeast Asia,ladder_score,4.888599873
Laos,Southeast Asia,logged_gdp_per_capita,8.79858017
Laos,Southeast Asia,social_support,0.737502217
Laos,Southeast Asia,healthy_life_expectancy,58.70992279
Laos,Southeast Asia,freedom_to_make_life_choices,0.907213569
Laos,Southeast Asia,generosity,0.11137148
Laos,Southeast Asia,perceptions_of_corruption,0.634679317
Laos,Southeast Asia,population,7275.56
Laos,Southeast Asia,employment_rate,98.5
Albania,Central and Eastern Europe,ladder_score,4.882699966
Albania,Central and Eastern Europe,logged_gdp_per_capita,9.417930603
Albania,Central and Eastern Europe,social_support,0.671070457
Albania,Central and Eastern Europe,healthy_life_expectancy,68.70813751
Albania,Central and Eastern Europe,freedom_to_make_life_choices,0.781994224
Albania,Central and Eastern Europe,generosity,-0.042309489
Albania,Central and Eastern Europe,perceptions_of_corruption,0.896303713
Albania,Central and Eastern Europe,population,2877.797
Albania,Central and Eastern Europe,employment_rate,86
Cambodia,Southeast Asia,ladder_score,4.848400116
Cambodia,Southeast Asia,logged_gdp_per_capita,8.249890327
Cambodia,Southeast Asia,social_support,0.773080647
Cambodia,Southeast Asia,healthy_life_expectancy,61.52996826
Cambodia,Southeast Asia,freedom_to_make_life_choices,0.959704638
Cambodia,Southeast Asia,generosity,0.051911179
Cambodia,Southeast Asia,perceptions_of_corruption,0.822769046
Cambodia,Southeast Asia,population,16718.965
Cambodia,Southeast Asia,employment_rate,99.7
Bangladesh,South Asia,ladder_score,4.832799911
Bangladesh,South Asia,logged_gdp_per_capita,8.287063599
Bangladesh,South Asia,social_support,0.687292993
Bangladesh,South Asia,healthy_life_expectancy,64.50306702
Bangladesh,South Asia,freedom_to_make_life_choices,0.90062499
Bangladesh,South Asia,generosity,-0.033664726
Bangladesh,South Asia,perceptions_of_corruption,0.661843538
Bangladesh,South Asia,population,164689.383
Bangladesh,South Asia,employment_rate,96
Gabon,Sub-Saharan Africa,ladder_score,4.829299927
Gabon,Sub-Saharan Africa,logged_gdp_per_capita,9.680537224
Gabon,Sub-Saharan Africa,social_support,0.787886858
Gabon,Sub-Saharan Africa,healthy_life_expectancy,59.71533966
Gabon,Sub-Saharan Africa,freedom_to_make_life_choices,0.704829216
Gabon,Sub-Saharan Africa,generosity,-0.222261623
Gabon,Sub-Saharan Africa,perceptions_of_corruption,0.849150956
Gabon,Sub-Saharan Africa,population,2225.734
Gabon,Sub-Saharan Africa,employment_rate,72
South Africa,Sub-Saharan Africa,ladder_score,4.814099789
South Africa,Sub-Saharan Africa,logged_gdp_per_capita,9.403370857
South Africa,Sub-Saharan Africa,social_support,0.852532268
South Africa,Sub-Saharan Africa,healthy_life_expectancy,56.50601196
South Africa,Sub-Saharan Africa,freedom_to_make_life_choices,0.759330094
South Africa,Sub-Saharan Africa,generosity,-0.109777324
South Africa,Sub-Saharan Africa,perceptions_of_corruption,0.843423843
South Africa,Sub-Saharan Africa,population,59308.69
South Africa,Sub-Saharan Africa,employment_rate,72.4
Iraq,Middle East and North Africa,ladder_score,4.784800053
Iraq,Middle East and North Africa,logged_gdp_per_capita,9.661095619
Iraq,Middle East and North Africa,social_support,0.747694969
Iraq,Middle East and North Africa,healthy_life_expectancy,59.90354919
Iraq,Middle East and North Africa,freedom_to_make_life_choices,0.633182645
Iraq,Middle East and North Africa,generosity,-0.06956476
Iraq,Middle East and North Africa,perceptions_of_corruption,0.82226181
Iraq,Middle East and North Africa,population,40222.493
Iraq,Middle East and North Africa,employment_rate,84
Lebanon,Middle East and North Africa,ladder_score,4.771500111
Lebanon,Middle East and North Africa,logged_gdp_per_capita,9.3617239
Lebanon,Middle East and North Africa,social_support,0.824338138
Lebanon,Middle East and North Africa,healthy_life_expectancy,67.10658264
Lebanon,Middle East and North Africa,freedom_to_make_life_choices,0.551357508
Lebanon,Middle East and North Africa,generosity,-0.06121527
Lebanon,Middle East and North Africa,perceptions_of_corruption,0.90225625
Lebanon,Middle East and North Africa,population,0
Lebanon,Middle East and North Africa,employment_rate,0
Burkina Faso,Sub-Saharan Africa,ladder_score,4.768700123
Burkina Faso,Sub-Saharan Africa,logged_gdp_per_capita,7.46854496
Burkina Faso,Sub-Saharan Africa,social_support,0.712943614
Burkina Faso,Sub-Saharan Africa,healthy_life_expectancy,53.88945389
Burkina Faso,Sub-Saharan Africa,freedom_to_make_life_choices,0.665563583
Burkina Faso,Sub-Saharan Africa,generosity,-0.019080516
Burkina Faso,Sub-Saharan Africa,perceptions_of_corruption,0.739795029
Burkina Faso,Sub-Saharan Africa,population,20903.273
Burkina Faso,Sub-Saharan Africa,employment_rate,23
Gambia,Sub-Saharan Africa,ladder_score,4.750599861
Gambia,Sub-Saharan Africa,logged_gdp_per_capita,7.321814537
Gambia,Sub-Saharan Africa,social_support,0.6931687
Gambia,Sub-Saharan Africa,healthy_life_expectancy,55.0120163
Gambia,Sub-Saharan Africa,freedom_to_make_life_choices,0.733163178
Gambia,Sub-Saharan Africa,generosity,0.343198717
Gambia,Sub-Saharan Africa,perceptions_of_corruption,0.690717816
Gambia,Sub-Saharan Africa,population,0
Gambia,Sub-Saharan Africa,employment_rate,0
Mali,Sub-Saharan Africa,ladder_score,4.729300022
Mali,Sub-Saharan Africa,logged_gdp_per_capita,7.629852295
Mali,Sub-Saharan Africa,social_support,0.731468976
Mali,Sub-Saharan Africa,healthy_life_expectancy,51.72698212
Mali,Sub-Saharan Africa,freedom_to_make_life_choices,0.71156615
Mali,Sub-Saharan Africa,generosity,-0.044366926
Mali,Sub-Saharan Africa,perceptions_of_corruption,0.839328408
Mali,Sub-Saharan Africa,population,20250.833
Mali,Sub-Saharan Africa,employment_rate,91.9
Nigeria,Sub-Saharan Africa,ladder_score,4.724100113
Nigeria,Sub-Saharan Africa,logged_gdp_per_capita,8.57662487
Nigeria,Sub-Saharan Africa,social_support,0.73721689
Nigeria,Sub-Saharan Africa,healthy_life_expectancy,49.86190796
Nigeria,Sub-Saharan Africa,freedom_to_make_life_choices,0.759578407
Nigeria,Sub-Saharan Africa,generosity,0.033745807
Nigeria,Sub-Saharan Africa,perceptions_of_corruption,0.861874342
Nigeria,Sub-Saharan Africa,population,206139.589
Nigeria,Sub-Saharan Africa,employment_rate,86.6
Armenia,Commonwealth of Independent States,ladder_score,4.676799774
Armenia,Commonwealth of Independent States,logged_gdp_per_capita,9.100476265
Armenia,Commonwealth of Independent States,social_support,0.757479429
Armenia,Commonwealth of Independent States,healthy_life_expectancy,66.75065613
Armenia,Commonwealth of Independent States,freedom_to_make_life_choices,0.712017834
Armenia,Commonwealth of Independent States,generosity,-0.13877961
Armenia,Commonwealth of Independent States,perceptions_of_corruption,0.773544788
Armenia,Commonwealth of Independent States,population,2963.243
Armenia,Commonwealth of Independent States,employment_rate,81.1
Georgia,Commonwealth of Independent States,ladder_score,4.672599792
Georgia,Commonwealth of Independent States,logged_gdp_per_capita,9.226100922
Georgia,Commonwealth of Independent States,social_support,0.629033029
Georgia,Commonwealth of Independent States,healthy_life_expectancy,64.49520874
Georgia,Commonwealth of Independent States,freedom_to_make_life_choices,0.801641524
Georgia,Commonwealth of Independent States,generosity,-0.22892037
Georgia,Commonwealth of Independent States,perceptions_of_corruption,0.665944695
Georgia,Commonwealth of Independent States,population,3989.167
Georgia,Commonwealth of Independent States,employment_rate,88.5
Iran,Middle East and North Africa,ladder_score,4.672399998
Iran,Middle East and North Africa,logged_gdp_per_capita,9.813719749
Iran,Middle East and North Africa,social_support,0.694689691
Iran,Middle East and North Africa,healthy_life_expectancy,66.00614929
Iran,Middle East and North Africa,freedom_to_make_life_choices,0.647873282
Iran,Middle East and North Africa,generosity,0.117891103
Iran,Middle East and North Africa,perceptions_of_corruption,0.714635968
Iran,Middle East and North Africa,population,83992.949
Iran,Middle East and North Africa,employment_rate,87.6
Jordan,Middle East and North Africa,ladder_score,4.633399963
Jordan,Middle East and North Africa,logged_gdp_per_capita,9.025999069
Jordan,Middle East and North Africa,social_support,0.80216372
Jordan,Middle East and North Africa,healthy_life_expectancy,66.79975128
Jordan,Middle East and North Africa,freedom_to_make_life_choices,0.75104779
Jordan,Middle East and North Africa,generosity,-0.162565202
Jordan,Middle East and North Africa,perceptions_of_corruption,0.700344324
Jordan,Middle East and North Africa,population,10203.134
Jordan,Middle East and North Africa,employment_rate,81.5
Mozambique,Sub-Saharan Africa,ladder_score,4.623600006
Mozambique,Sub-Saharan Africa,logged_gdp_per_capita,7.069345951
Mozambique,Sub-Saharan Africa,social_support,0.723874032
Mozambique,Sub-Saharan Africa,healthy_life_expectancy,54.20582199
Mozambique,Sub-Saharan Africa,freedom_to_make_life_choices,0.864451885
Mozambique,Sub-Saharan Africa,generosity,0.032375868
Mozambique,Sub-Saharan Africa,perceptions_of_corruption,0.683019102
Mozambique,Sub-Saharan Africa,population,31255.435
Mozambique,Sub-Saharan Africa,employment_rate,75.5
Kenya,Sub-Saharan Africa,ladder_score,4.583000183
Kenya,Sub-Saharan Africa,logged_gdp_per_capita,8.02977562
Kenya,Sub-Saharan Africa,social_support,0.702652037
Kenya,Sub-Saharan Africa,healthy_life_expectancy,60.09693146
Kenya,Sub-Saharan Africa,freedom_to_make_life_choices,0.829747558
Kenya,Sub-Saharan Africa,generosity,0.294681519
Kenya,Sub-Saharan Africa,perceptions_of_corruption,0.831499159
Kenya,Sub-Saharan Africa,population,53771.296
Kenya,Sub-Saharan Africa,employment_rate,60
Namibia,Sub-Saharan Africa,ladder_score,4.571100235
Namibia,Sub-Saharan Africa,logged_gdp_per_capita,9.203141212
Namibia,Sub-Saharan Africa,social_support,0.846880972
Namibia,Sub-Saharan Africa,healthy_life_expectancy,56.50148773
Namibia,Sub-Saharan Africa,freedom_to_make_life_choices,0.767520964
Namibia,Sub-Saharan Africa,generosity,-0.18530646
Namibia,Sub-Saharan Africa,perceptions_of_corruption,0.851449788
Namibia,Sub-Saharan Africa,population,2540.905
Namibia,Sub-Saharan Africa,employment_rate,66
Ukraine,Commonwealth of Independent States,ladder_score,4.56069994
Ukraine,Commonwealth of Independent States,logged_gdp_per_capita,9.010690689
Ukraine,Commonwealth of Independent States,social_support,0.878879368
Ukraine,Commonwealth of Independent States,healthy_life_expectancy,64.60678101
Ukraine,Commonwealth of Independent States,freedom_to_make_life_choices,0.663081884
Ukraine,Commonwealth of Independent States,generosity,-0.030933706
Ukraine,Commonwealth of Independent States,perceptions_of_corruption,0.920636714
Ukraine,Commonwealth of Independent States,population,43733.762
Ukraine,Commonwealth of Independent States,employment_rate,90.5
Liberia,Sub-Saharan Africa,ladder_score,4.557899952
Liberia,Sub-Saharan Africa,logged_gdp_per_capita,7.054380417
Liberia,Sub-Saharan Africa,social_support,0.70928055
Liberia,Sub-Saharan Africa,healthy_life_expectancy,56.09631348
Liberia,Sub-Saharan Africa,freedom_to_make_life_choices,0.735268712
Liberia,Sub-Saharan Africa,generosity,0.04227322
Liberia,Sub-Saharan Africa,perceptions_of_corruption,0.856375933
Liberia,Sub-Saharan Africa,population,5057.681
Liberia,Sub-Saharan Africa,employment_rate,97.2
Palestinian Territories,Middle East and North Africa,ladder_score,4.552800179
Palestinian Territories,Middle East and North Africa,logged_gdp_per_capita,8.389223099
Palestinian Territories,Middle East and North Africa,social_support,0.825295925
Palestinian Territories,Middle East and North Africa,healthy_life_expectancy,62.25
Palestinian Territories,Middle East and North Africa,freedom_to_make_life_choices,0.645791829
Palestinian Territories,Middle East and North Africa,generosity,-0.162079096
Palestinian Territories,Middle East and North Africa,perceptions_of_corruption,0.824199975
Palestinian Territories,Middle East and North Africa,population,0
Palestinian Territories,Middle East and North Africa,employment_rate,0
Uganda,Sub-Saharan Africa,ladder_score,4.43200016
Uganda,Sub-Saharan Africa,logged_gdp_per_capita,7.500389576
Uganda,Sub-Saharan Africa,social_support,0.764994621
Uganda,Sub-Saharan Africa,healthy_life_expectancy,55.70820236
Uganda,Sub-Saharan Africa,freedom_to_make_life_choices,0.731713951
Uganda,Sub-Saharan Africa,generosity,0.099487431
Uganda,Sub-Saharan Africa,perceptions_of_corruption,0.836737812
Uganda,Sub-Saharan Africa,population,45741.007
Uganda,Sub-Saharan Africa,employment_rate,90.6
Chad,Sub-Saharan Africa,ladder_score,4.422699928
Chad,Sub-Saharan Africa,logged_gdp_per_capita,7.467963696
Chad,Sub-Saharan Africa,social_support,0.632388055
Chad,Sub-Saharan Africa,healthy_life_expectancy,48.22053909
Chad,Sub-Saharan Africa,freedom_to_make_life_choices,0.587305248
Chad,Sub-Saharan Africa,generosity,0.017834719
Chad,Sub-Saharan Africa,perceptions_of_corruption,0.802760839
Chad,Sub-Saharan Africa,population,0
Chad,Sub-Saharan Africa,employment_rate,0
Tunisia,Middle East and North Africa,ladder_score,4.392199993
Tunisia,Middle East and North Africa,logged_gdp_per_capita,9.314972878
Tunisia,Middle East and North Africa,social_support,0.688718557
Tunisia,Middle East and North Africa,healthy_life_expectancy,66.89785767
Tunisia,Middle East and North Africa,freedom_to_make_life_choices,0.593361557
Tunisia,Middle East and North Africa,generosity,-0.216413811
Tunisia,Middle East and North Africa,perceptions_of_corruption,0.867590249
Tunisia,Middle East and North Africa,population,11818.619
Tunisia,Middle East and North Africa,employment_rate,84.1
Mauritania,Sub-Saharan Africa,ladder_score,4.374599934
Mauritania,Sub-Saharan Africa,logged_gdp_per_capita,8.233919144
Mauritania,Sub-Saharan Africa,social_support,0.790819228
Mauritania,Sub-Saharan Africa,healthy_life_expectancy,57.01017761
Mauritania,Sub-Saharan Africa,freedom_to_make_life_choices,0.551522553
Mauritania,Sub-Saharan Africa,generosity,-0.106008142
Mauritania,Sub-Saharan Africa,perceptions_of_corruption,0.746223509
Mauritania,Sub-Saharan Africa,population,4649.658
Mauritania,Sub-Saharan Africa,employment_rate,88.3
Sri Lanka,South Asia,ladder_score,4.327000141
Sri Lanka,South Asia,logged_gdp_per_capita,9.389969826
Sri Lanka,South Asia,social_support,0.825374067
Sri Lanka,South Asia,healthy_life_expectancy,67.20006561
Sri Lanka,South Asia,freedom_to_make_life_choices,0.837633669
Sri Lanka,South Asia,generosity,0.081129618
Sri Lanka,South Asia,perceptions_of_corruption,0.859001756
Sri Lanka,South Asia,population,21413.249
Sri Lanka,South Asia,employment_rate,95.5
Congo (Kinshasa),Sub-Saharan Africa,ladder_score,4.31099987
Congo (Kinshasa),Sub-Saharan Africa,logged_gdp_per_capita,6.694256306
Congo (Kinshasa),Sub-Saharan Africa,social_support,0.672159016
Congo (Kinshasa),Sub-Saharan Africa,healthy_life_expectancy,52.90000153
Congo (Kinshasa),Sub-Saharan Africa,freedom_to_make_life_choices,0.700793564
Congo (Kinshasa),Sub-Saharan Africa,generosity,0.083637655
Congo (Kinshasa),Sub-Saharan Africa,perceptions_of_corruption,0.809403598
Congo (Kinshasa),Sub-Saharan Africa,population,0
Congo (Kinshasa),Sub-Saharan Africa,employment_rate,0
Swaziland,Sub-Saharan Africa,ladder_score,4.308100224
Swaziland,Sub-Saharan Africa,logged_gdp_per_capita,9.16267395
Swaziland,Sub-Saharan Africa,social_support,0.770290196
Swaziland,Sub-Saharan Africa,healthy_life_expectancy,51.18823624
Swaziland,Sub-Saharan Africa,freedom_to_make_life_choices,0.646822274
Swaziland,Sub-Saharan Africa,generosity,-0.19920142
Swaziland,Sub-Saharan Africa,perceptions_of_corruption,0.708263338
Swaziland,Sub-Saharan Africa,population,1160.164
Swaziland,Sub-Saharan Africa,employment_rate,72
Myanmar,Southeast Asia,ladder_score,4.308000088
Myanmar,Southeast Asia,logged_gdp_per_capita,8.680481911
Myanmar,Southeast Asia,social_support,0.78440702
Myanmar,Southeast Asia,healthy_life_expectancy,58.96171188
Myanmar,Southeast Asia,freedom_to_make_life_choices,0.895075202
Myanmar,Southeast Asia,generosity,0.560663998
Myanmar,Southeast Asia,perceptions_of_corruption,0.645124316
Myanmar,Southeast Asia,population,54409.8
Myanmar,Southeast Asia,employment_rate,96
Comoros,Sub-Saharan Africa,ladder_score,4.288599968
Comoros,Sub-Saharan Africa,logged_gdp_per_capita,7.833630085
Comoros,Sub-Saharan Africa,social_support,0.625662446
Comoros,Sub-Saharan Africa,healthy_life_expectancy,57.34901047
Comoros,Sub-Saharan Africa,freedom_to_make_life_choices,0.547612607
Comoros,Sub-Saharan Africa,generosity,0.090008408
Comoros,Sub-Saharan Africa,perceptions_of_corruption,0.780622602
Comoros,Sub-Saharan Africa,population,869.601
Comoros,Sub-Saharan Africa,employment_rate,93.5
Togo,Sub-Saharan Africa,ladder_score,4.187200069
Togo,Sub-Saharan Africa,logged_gdp_per_capita,7.357711315
Togo,Sub-Saharan Africa,social_support,0.551312625
Togo,Sub-Saharan Africa,healthy_life_expectancy,54.71989822
Togo,Sub-Saharan Africa,freedom_to_make_life_choices,0.649828613
Togo,Sub-Saharan Africa,generosity,0.002667875
Togo,Sub-Saharan Africa,perceptions_of_corruption,0.757733464
Togo,Sub-Saharan Africa,population,8278.724
Togo,Sub-Saharan Africa,employment_rate,93.1
Ethiopia,Sub-Saharan Africa,ladder_score,4.186200142
Ethiopia,Sub-Saharan Africa,logged_gdp_per_capita,7.509385586
Ethiopia,Sub-Saharan Africa,social_support,0.743307352
Ethiopia,Sub-Saharan Africa,healthy_life_expectancy,58.63959122
Ethiopia,Sub-Saharan Africa,freedom_to_make_life_choices,0.740795195
Ethiopia,Sub-Saharan Africa,generosity,0.043377332
Ethiopia,Sub-Saharan Africa,perceptions_of_corruption,0.753690004
Ethiopia,Sub-Saharan Africa,population,114963.588
Ethiopia,Sub-Saharan Africa,employment_rate,82.5
Madagascar,Sub-Saharan Africa,ladder_score,4.165599823
Madagascar,Sub-Saharan Africa,logged_gdp_per_capita,7.281685829
Madagascar,Sub-Saharan Africa,social_support,0.668195903
Madagascar,Sub-Saharan Africa,healthy_life_expectancy,59.10542679
Madagascar,Sub-Saharan Africa,freedom_to_make_life_choices,0.557574093
Madagascar,Sub-Saharan Africa,generosity,-0.011823639
Madagascar,Sub-Saharan Africa,perceptions_of_corruption,0.817485631
Madagascar,Sub-Saharan Africa,population,27691.018
Madagascar,Sub-Saharan Africa,employment_rate,97.9
Egypt,Middle East and North Africa,ladder_score,4.151400089
Egypt,Middle East and North Africa,logged_gdp_per_capita,9.316541672
Egypt,Middle East and North Africa,social_support,0.735447824
Egypt,Middle East and North Africa,healthy_life_expectancy,61.78015137
Egypt,Middle East and North Africa,freedom_to_make_life_choices,0.708354175
Egypt,Middle East and North Africa,generosity,-0.196878314
Egypt,Middle East and North Africa,perceptions_of_corruption,0.787726879
Egypt,Middle East and North Africa,population,102334.404
Egypt,Middle East and North Africa,employment_rate,88.1
Sierra Leone,Sub-Saharan Africa,ladder_score,3.926399946
Sierra Leone,Sub-Saharan Africa,logged_gdp_per_capita,7.26880312
Sierra Leone,Sub-Saharan Africa,social_support,0.636142015
Sierra Leone,Sub-Saharan Africa,healthy_life_expectancy,50.86514282
Sierra Leone,Sub-Saharan Africa,freedom_to_make_life_choices,0.715315044
Sierra Leone,Sub-Saharan Africa,generosity,0.088660747
Sierra Leone,Sub-Saharan Africa,perceptions_of_corruption,0.861330688
Sierra Leone,Sub-Saharan Africa,population,7976.983
Sierra Leone,Sub-Saharan Africa,employment_rate,90.9
Burundi,Sub-Saharan Africa,ladder_score,3.775300026
Burundi,Sub-Saharan Africa,logged_gdp_per_capita,6.492642403
Burundi,Sub-Saharan Africa,social_support,0.490325719
Burundi,Sub-Saharan Africa,healthy_life_expectancy,53.40000153
Burundi,Sub-Saharan Africa,freedom_to_make_life_choices,0.626350224
Burundi,Sub-Saharan Africa,generosity,-0.017551597
Burundi,Sub-Saharan Africa,perceptions_of_corruption,0.606934547
Burundi,Sub-Saharan Africa,population,0
Burundi,Sub-Saharan Africa,employment_rate,0
Zambia,Sub-Saharan Africa,ladder_score,3.759399891
Zambia,Sub-Saharan Africa,logged_gdp_per_capita,8.224720001
Zambia,Sub-Saharan Africa,social_support,0.698824465
Zambia,Sub-Saharan Africa,healthy_life_expectancy,55.29937744
Zambia,Sub-Saharan Africa,freedom_to_make_life_choices,0.806500256
Zambia,Sub-Saharan Africa,generosity,0.078037128
Zambia,Sub-Saharan Africa,perceptions_of_corruption,0.801289678
Zambia,Sub-Saharan Africa,population,18383.955
Zambia,Sub-Saharan Africa,employment_rate,85
Haiti,Latin America and Caribbean,ladder_score,3.720799923
Haiti,Latin America and Caribbean,logged_gdp_per_capita,7.411329269
Haiti,Latin America and Caribbean,social_support,0.593247831
Haiti,Latin America and Caribbean,healthy_life_expectancy,55.59862518
Haiti,Latin America and Caribbean,freedom_to_make_life_choices,0.537825167
Haiti,Latin America and Caribbean,generosity,0.40053457
Haiti,Latin America and Caribbean,perceptions_of_corruption,0.684767246
Haiti,Latin America and Caribbean,population,11402.528
Haiti,Latin America and Caribbean,employment_rate,59.4
Lesotho,Sub-Saharan Africa,ladder_score,3.652800083
Lesotho,Sub-Saharan Africa,logged_gdp_per_capita,7.960488319
Lesotho,Sub-Saharan Africa,social_support,0.780495703
Lesotho,Sub-Saharan Africa,healthy_life_expectancy,48.00362396
Lesotho,Sub-Saharan Africa,freedom_to_make_life_choices,0.738125861
Lesotho,Sub-Saharan Africa,generosity,-0.145732045
Lesotho,Sub-Saharan Africa,perceptions_of_corruption,0.857392073
Lesotho,Sub-Saharan Africa,population,2142.249
Lesotho,Sub-Saharan Africa,employment_rate,71.9
India,South Asia,ladder_score,3.573299885
India,South Asia,logged_gdp_per_capita,8.849823952
India,South Asia,social_support,0.592200935
India,South Asia,healthy_life_expectancy,60.21518707
India,South Asia,freedom_to_make_life_choices,0.881444871
India,South Asia,generosity,0.057551607
India,South Asia,perceptions_of_corruption,0.772042692
India,South Asia,population,1380004.385
India,South Asia,employment_rate,91.2
Malawi,Sub-Saharan Africa,ladder_score,3.538000107
Malawi,Sub-Saharan Africa,logged_gdp_per_capita,7.062226295
Malawi,Sub-Saharan Africa,social_support,0.544007301
Malawi,Sub-Saharan Africa,healthy_life_expectancy,57.59288788
Malawi,Sub-Saharan Africa,freedom_to_make_life_choices,0.803223193
Malawi,Sub-Saharan Africa,generosity,0.021433279
Malawi,Sub-Saharan Africa,perceptions_of_corruption,0.731700778
Malawi,Sub-Saharan Africa,population,19129.952
Malawi,Sub-Saharan Africa,employment_rate,79.6
Yemen,Middle East and North Africa,ladder_score,3.527400017
Yemen,Middle East and North Africa,logged_gdp_per_capita,7.759682655
Yemen,Middle East and North Africa,social_support,0.817980587
Yemen,Middle East and North Africa,healthy_life_expectancy,56.72728348
Yemen,Middle East and North Africa,freedom_to_make_life_choices,0.599920273
Yemen,Middle East and North Africa,generosity,-0.157735437
Yemen,Middle East and North Africa,perceptions_of_corruption,0.800287724
Yemen,Middle East and North Africa,population,29825.964
Yemen,Middle East and North Africa,employment_rate,73
Botswana,Sub-Saharan Africa,ladder_score,3.478899956
Botswana,Sub-Saharan Africa,logged_gdp_per_capita,9.711203575
Botswana,Sub-Saharan Africa,social_support,0.779121757
Botswana,Sub-Saharan Africa,healthy_life_expectancy,58.92445374
Botswana,Sub-Saharan Africa,freedom_to_make_life_choices,0.821328104
Botswana,Sub-Saharan Africa,generosity,-0.250394493
Botswana,Sub-Saharan Africa,perceptions_of_corruption,0.777930915
Botswana,Sub-Saharan Africa,population,2351.627
Botswana,Sub-Saharan Africa,employment_rate,80
Tanzania,Sub-Saharan Africa,ladder_score,3.476200104
Tanzania,Sub-Saharan Africa,logged_gdp_per_capita,7.967665195
Tanzania,Sub-Saharan Africa,social_support,0.688933194
Tanzania,Sub-Saharan Africa,healthy_life_expectancy,57.49607468
Tanzania,Sub-Saharan Africa,freedom_to_make_life_choices,0.82153976
Tanzania,Sub-Saharan Africa,generosity,0.109668687
Tanzania,Sub-Saharan Africa,perceptions_of_corruption,0.619799435
Tanzania,Sub-Saharan Africa,population,59734.218
Tanzania,Sub-Saharan Africa,employment_rate,89.7
Central African Republic,Sub-Saharan Africa,ladder_score,3.475899935
Central African Republic,Sub-Saharan Africa,logged_gdp_per_capita,6.625160217
Central African Republic,Sub-Saharan Africa,social_support,0.319459856
Central African Republic,Sub-Saharan Africa,healthy_life_expectancy,45.20000076
Central African Republic,Sub-Saharan Africa,freedom_to_make_life_choices,0.640880644
Central African Republic,Sub-Saharan Africa,generosity,0.082410358
Central African Republic,Sub-Saharan Africa,perceptions_of_corruption,0.891806662
Central African Republic,Sub-Saharan Africa,population,4829.767
Central African Republic,Sub-Saharan Africa,employment_rate,93.1
Rwanda,Sub-Saharan Africa,ladder_score,3.312299967
Rwanda,Sub-Saharan Africa,logged_gdp_per_capita,7.600104332
Rwanda,Sub-Saharan Africa,social_support,0.54083544
Rwanda,Sub-Saharan Africa,healthy_life_expectancy,61.09884644
Rwanda,Sub-Saharan Africa,freedom_to_make_life_choices,0.900589406
Rwanda,Sub-Saharan Africa,generosity,0.055483952
Rwanda,Sub-Saharan Africa,perceptions_of_corruption,0.183541179
Rwanda,Sub-Saharan Africa,population,12952.218
Rwanda,Sub-Saharan Africa,employment_rate,97.3
Zimbabwe,Sub-Saharan Africa,ladder_score,3.299200058
Zimbabwe,Sub-Saharan Africa,logged_gdp_per_capita,7.865711689
Zimbabwe,Sub-Saharan Africa,social_support,0.763092756
Zimbabwe,Sub-Saharan Africa,healthy_life_expectancy,55.61725998
Zimbabwe,Sub-Saharan Africa,freedom_to_make_life_choices,0.711457908
Zimbabwe,Sub-Saharan Africa,generosity,-0.072063953
Zimbabwe,Sub-Saharan Africa,perceptions_of_corruption,0.81023699
Zimbabwe,Sub-Saharan Africa,population,14862.924
Zimbabwe,Sub-Saharan Africa,employment_rate,88.7
South Sudan,Sub-Saharan Africa,ladder_score,2.816600084
South Sudan,Sub-Saharan Africa,logged_gdp_per_capita,7.425359726
South Sudan,Sub-Saharan Africa,social_support,0.553707123
South Sudan,Sub-Saharan Africa,healthy_life_expectancy,51
South Sudan,Sub-Saharan Africa,freedom_to_make_life_choices,0.451313615
South Sudan,Sub-Saharan Africa,generosity,0.016518548
South Sudan,Sub-Saharan Africa,perceptions_of_corruption,0.763417304
South Sudan,Sub-Saharan Africa,population,0
South Sudan,Sub-Saharan Africa,employment_rate,0
Afghanistan,South Asia,ladder_score,2.566900015
Afghanistan,South Asia,logged_gdp_per_capita,7.462860584
Afghanistan,South Asia,social_support,0.470366955
Afghanistan,South Asia,healthy_life_expectancy,52.59000015
Afghanistan,South Asia,freedom_to_make_life_choices,0.396573007
Afghanistan,South Asia,generosity,-0.0964294
Afghanistan,South Asia,perceptions_of_corruption,0.933686554
Afghanistan,South Asia,population,38928.346
Afghanistan,South Asia,employment_rate,76.1
